qstart,qend,sseqid,sframe,pident,slen,sseq,length,sstart,send,qlen,percmatch,type,abs percmatch,pi_permatch,score,fragment,Feature,wiggle,wstart,wend,small
9504,9522,SP6_promoter,-1,100.0,19,TCTATAGTGTCACCTAAAT,19,19,1,11904,100.0,promoter,100.0,100.0,19.0,False,SP6 promoter,1,9505,9521,True
4524,7535,HIV-1_pol,1,100.0,3012,TTTTTTAGGGAAGATCTGGCCTTCCCACAAGGGAAGGCCAGGGAATTTTCTTCAGAGCAGACCAGAGCCAACAGCCCCACCAGAAGAGAGCTTCAGGTTTGGGGAAGAGACAACAACTCCCTCTCAGAAGCAGGAGCCGATAGACAAGGAACTGTATCCTTTAGCTTCCCTCAGATCACTCTTTGGCAGCGACCCCTCGTCACAATAAAGATAGGGGGGCAATTAAAGGAAGCTCTATTAGATACAGGAGCAGATGATACAGTATTAGAAGAAATGAATTTGCCAGGAAGATGGAAACCAAAAATGATAGGGGGAATTGGAGGTTTTATCAAAGTAAGACAGTATGATCAGATACTCATAGAAATCTGCGGACATAAAGCTATAGGTACAGTATTAGTAGGACCTACACCTGTCAACATAATTGGAAGAAATCTGTTGACTCAGATTGGCTGCACTTTAAATTTTCCCATTAGTCCTATTGAGACTGTACCAGTAAAATTAAAGCCAGGAATGGATGGCCCAAAAGTTAAACAATGGCCATTGACAGAAGAAAAAATAAAAGCATTAGTAGAAATTTGTACAGAAATGGAAAAGGAAGGAAAAATTTCAAAAATTGGGCCTGAAAATCCATACAATACTCCAGTATTTGCCATAAAGAAAAAAGACAGTACTAAATGGAGAAAATTAGTAGATTTCAGAGAACTTAATAAGAGAACTCAAGATTTCTGGGAAGTTCAATTAGGAATACCACATCCTGCAGGGTTAAAACAGAAAAAATCAGTAACAGTACTGGATGTGGGCGATGCATATTTTTCAGTTCCCTTAGATAAAGACTTCAGGAAGTATACTGCATTTACCATACCTAGTATAAACAATGAGACACCAGGGATTAGATATCAGTACAATGTGCTTCCACAGGGATGGAAAGGATCACCAGCAATATTCCAGTGTAGCATGACAAAAATCTTAGAGCCTTTTAGAAAACAAAATCCAGACATAGTCATCTATCAATACATGGATGATTTGTATGTAGGATCTGACTTAGAAATAGGGCAGCATAGAACAAAAATAGAGGAACTGAGACAACATCTGTTGAGGTGGGGATTTACCACACCAGACAAAAAACATCAGAAAGAACCTCCATTCCTTTGGATGGGTTATGAACTCCATCCTGATAAATGGACAGTACAGCCTATAGTGCTGCCAGAAAAGGACAGCTGGACTGTCAATGACATACAGAAATTAGTGGGAAAATTGAATTGGGCAAGTCAGATTTATGCAGGGATTAAAGTAAGGCAATTATGTAAACTTCTTAGGGGAACCAAAGCACTAACAGAAGTAGTACCACTAACAGAAGAAGCAGAGCTAGAACTGGCAGAAAACAGGGAGATTCTAAAAGAACCGGTACATGGAGTGTATTATGACCCATCAAAAGACTTAATAGCAGAAATACAGAAGCAGGGGCAAGGCCAATGGACATATCAAATTTATCAAGAGCCATTTAAAAATCTGAAAACAGGAAAGTATGCAAGAATGAAGGGTGCCCACACTAATGATGTGAAACAATTAACAGAGGCAGTACAAAAAATAGCCACAGAAAGCATAGTAATATGGGGAAAGACTCCTAAATTTAAATTACCCATACAAAAGGAAACATGGGAAGCATGGTGGACAGAGTATTGGCAAGCCACCTGGATTCCTGAGTGGGAGTTTGTCAATACCCCTCCCTTAGTGAAGTTATGGTACCAGTTAGAGAAAGAACCCATAATAGGAGCAGAAACTTTCTATGTAGATGGGGCAGCCAATAGGGAAACTAAATTAGGAAAAGCAGGATATGTAACTGACAGAGGAAGACAAAAAGTTGTCCCCCTAACGGACACAACAAATCAGAAGACTGAGTTACAAGCAATTCATCTAGCTTTGCAGGATTCGGGATTAGAAGTAAACATAGTGACAGACTCACAATATGCATTGGGAATCATTCAAGCACAACCAGATAAGAGTGAATCAGAGTTAGTCAGTCAAATAATAGAGCAGTTAATAAAAAAGGAAAAAGTCTACCTGGCATGGGTACCAGCACACAAAGGAATTGGAGGAAATGAACAAGTAGATAAATTGGTCAGTGCTGGAATCAGGAAAGTACTATTTTTAGATGGAATAGATAAGGCCCAAGAAGAACATGAGAAATATCACAGTAATTGGAGAGCAATGGCTAGTGATTTTAACCTACCACCTGTAGTAGCAAAAGAAATAGTAGCCAGCTGTGATAAATGTCAGCTAAAAGGGGAAGCCATGCATGGACAAGTAGACTGTAGCCCAGGAATATGGCAGCTAGATTGTACACATTTAGAAGGAAAAGTTATCTTGGTAGCAGTTCATGTAGCCAGTGGATATATAGAAGCAGAAGTAATTCCAGCAGAGACAGGGCAAGAAACAGCATACTTCCTCTTAAAATTAGCAGGAAGATGGCCAGTAAAAACAGTACATACAGACAATGGCAGCAATTTCACCAGTACTACAGTTAAGGCCGCCTGTTGGTGGGCGGGGATCAAGCAGGAATTTGGCATTCCCTACAATCCCCAAAGTCAAGGAGTAATAGAATCTATGAATAAAGAATTAAAGAAAATTATAGGACAGGTAAGAGATCAGGCTGAACATCTTAAGACAGCAGTACAAATGGCAGTATTCATCCACAATTTTAAAAGAAAAGGGGGGATTGGGGGGTACAGTGCAGGGGAAAGAATAGTAGACATAATAGCAACAGACATACAAACTAAAGAATTACAAAAACAAATTACAAAAATTCAAAATTTTCGGGTTTATTACAGGGACAGCAGAGATCCAGTTTGGAAAGGACCAGCAAAGCTCCTCTGGAAAGGTGAAGGGGCAGTAGTAATACAAGATAATAGTGACATAAAAGTAGTGCCAAGAAGAAAAGCAAAGATCATCAGGGATTATGGAAAACAGATGGCAGGTGATGATTGTGTGGCAAGTAGACAGGATGAGGATTAA,3012,1,3012,11904,100.0,CDS,100.0,100.0,3012.0,False,HIV-1 pol,301,4825,7234,False
3229,4731,HIV-1_gag,1,99.734,1503,ATGGGTGCGAGAGCGTCAGTATTAAGCGGGGGAAAATTAGATCGATGGGAAAAAATTCGGTTAAGGCCAGGGGGAAAGAAAAAATATAAATTAAAACATATAGTATGGGCAAGCAGGGAGCTAGAACGATTCGCAGTTAATCCTGGCCTGTTAGAAACATCAGAAGGCTGTAGACAAATACTGGGACAGCTACAACCATCCCTTCAGACAGGATCAGAAGAACGTAGATCATTATATAATACAGTAGCAACCCTCTATTGTGTGCATCAAAGGATAGAGATAAAAGACACCAAGGAAGCTTTAGACAAGATAGAGGAAGAGCAAAACAAAAGTAAGAAAAAAGCACAGCAAGCAGCAGCTGACACAGGACACAGCAGCCAGGTCAGCCAAAATTACCCTATAGTGCAGAACATCCAGGGGCAAATGGTACATCAGGCCATATCACCTAGAACTTTAAATGCATGGGTAAAAGTAGTAGAAGAGAAGGCTTTCAGCCCAGAAGTGATACCCATGTTTTCAGCATTATCAGAAGGAGCCACCCCACAAGATTTAAACACCATGCTAAACACAGTGGGGGGACATCAAGCAGCCATGCAAATGTTAAAAGAGACCATCAATGAGGAAGCTGCAGAATGGGATAGAGTGCATCCAGTGCATGCAGGGCCTATTGCACCAGGCCAGATGAGAGAACCAAGGGGAAGTGACATAGCAGGAACTACTAGTACCCTTCAGGAACAAATAGGATGGATGACACATAATCCACCTATCCCAGTAGGAGAAATCTATAAAAGATGGATAATCCTGGGATTAAATAAAATAGTAAGAATGTATAGCCCTACCAGCATTCTGGACATAAGACAAGGACCAAAGGAACCCTTTAGAGACTATGTAGACCGATTCTATAAAACTCTAAGAGCCGAGCAAGCTTCACAAGAGGTAAAAAATTGGATGACAGAAACCTTGTTGGTCCAAAATGCGAACCCAGATTGTAAGACTATTTTAAAAGCATTGGGACCAGGAGCGACACTAGAAGAAATGATGACAGCATGTCAGGGAGTGGGGGGACCCGGCCATAAAGCAAGAGTTTTGGCTGAAGCAATGAGCCAAGTAACAAATCCAGCTACCATAATGATACAGAAAGGCAATTTTAGGAACCAAAGAAAGACTGTTAAGTGTTTCAATTGTGGCAAAGAAGGGCACATAGCCAAAAATTGCAGGGCCCCTAGGAAAAAGGGCTGTTGGAAATGTGGAAAGGAAGGACACCAAATGAAAGATTGTACTGAGAGACAGGCTAATTTTTTAGGGAAGATCTGGCCTTCCCACAAGGGAAGGCCAGGGAATTTTCTTCAGAGCAGACCAGAGCCAACAGCCCCACCAGAAGAGAGCTTCAGGTTTGGGGAAGAGACAACAACTCCCTCTCAGAAGCAGGAGCCGATAGACAAGGAACTGTATCCTTTAGCTTCCCTCAGATCACTCTTTGGCAGCGACCCCTCGTCACAATAA,1503,1,1503,11904,100.0,CDS,100.0,99.734,1499.00202,False,HIV-1 gag,150,3379,4581,False
11290,317,ColE1_ori_chunk,-1,99.89299999999999,932,TTACTCATATATACTTTAGATTGATTTAAAACTTCATTTTTAATTTAAAAGGATCTAGGTGAAGATCCTTTTTGATAATCTCATGACCAAAATCCCTTAACGTGAGTTTTCGTTCCACTGAGCGTCAGACCCCGTAGAAAAGATCAAAGGATCTTCTTGAGATCCTTTTTTTCTGCGCGTAATCTGCTGCTTGCAAACAAAAAAACCACCGCTACCAGCGGTGGTTTGTTTGCCGGATCAAGAGCTACCAACTCTTTTTCCGAAGGTAACTGGCTTCAGCAGAGCGCAGATACCAAATACTGTCCTTCTAGTGTAGCCGTAGTTAGGCCACCACTTCAAGAACTCTGTAGCACCGCCTACATACCTCGCTCTGCTAATCCTGTTACCAGTGGCTGCTGCCAGTGGCGATAAGTCGTGTCTTACCGGGTTGGACTCAAGACGATAGTTACCGGATAAGGCGCAGCGGTCGGGCTGAACGGGGGGTTCGTGCACACAGCCCAGCTTGGAGCGAACGACCTACACCGAACTGAGATACCTACAGCGTGAGCTATGAGAAAGCGCCACGCTTCCCGAAGGGAGAAAGGCGGACAGGTATCCGGTAAGCGGCAGGGTCGGAACAGGAGAGCGCACGAGGGAGCTTCCAGGGGGAAACGCCTGGTATCTTTATAGTCCTGTCGGGTTTCGCCACCTCTGACTTGAGCGTCGATTTTTGTGATGCTCGTCAGGGGGGCGGAGCCTATGGAAAAACGCCAGCAACGCGGCCTTTTTACGGTTCCTGGCCTTTTGCTGGCCTTTTGCTCACATGTTCTTTCCTGCGTTATCCCCTGATTCTGTGGATAACCGTATTACCGCCTTTGAGTGAGCTGATACCGCTCGCCGCAGCCGAACGACCGAGCGCAGCGAGTCAGTGAGCGAGGAAGCGGAAGAGCGCC,932,932,1,11904,100.0,source,100.0,99.89299999999999,931.0027599999999,False,ColE1 ori chunk,93,11383,224,False
10415,11275,AmpR_(3),1,99.76799999999999,861,ATGAGTATTCAACATTTCCGTGTCGCCCTTATTCCCTTTTTTGCGGCATTTTGCCTTCCTGTTTTTGCTCACCCAGAAACGCTGGTGAAAGTAAAAGATGCTGAAGATCAGTTGGGTGCACGAGTGGGTTACATCGAACTGGATCTCAACAGCGGTAAGATCCTTGAGAGTTTTCGCCCCGAAGAACGTTTTCCAATGATGAGCACTTTTAAAGTTCTGCTATGTGGCGCGGTATTATCCCGTGTTGACGCCGGGCAAGAGCAACTCGGTCGCCGCATACACTATTCTCAGAATGACTTGGTTGAGTACTCACCAGTCACAGAAAAGCATCTTACGGATGGCATGACAGTAAGAGAATTATGCAGTGCTGCCATAACCATGAGTGATAACACTGCGGCCAACTTACTTCTGACAACGATCGGAGGACCGAAGGAGCTAACCGCTTTTTTGCACAACATGGGGGATCATGTAACTCGCCTTGATCGTTGGGAACCGGAGCTGAATGAAGCCATACCAAACGACGAGCGTGACACCACGATGCCTGCAGCAATGGCAACAACGTTGCGCAAACTATTAACTGGCGAACTACTTACTCTAGCTTCCCGGCAACAATTAATAGACTGGATGGAGGCGGATAAAGTTGCAGGACCACTTCTGCGCTCGGCCCTTCCGGCTGGCTGGTTTATTGCTGATAAATCTGGAGCCGGTGAGCGTGGGTCTCGCGGTATCATTGCAGCACTGGGGCCAGATGGTAAGCCCTCCCGTATCGTAGTTATCTACACGACGGGGAGTCAGGCAACTATGGATGAACGAAATAGACAGATCGCTGAGATAGGTGCCTCACTGATTAAGCATTGGTAA,861,1,861,11904,100.0,CDS,100.0,99.76799999999999,859.0024799999999,False,AmpR (3),86,10501,11189,False
2508,2887,CMV_enhancer_(2),1,100.0,380,GACATTGATTATTGACTAGTTATTAATAGTAATCAATTACGGGGTCATTAGTTCATAGCCCATATATGGAGTTCCGCGTTACATAACTTACGGTAAATGGCCCGCCTGGCTGACCGCCCAACGACCCCCGCCCATTGACGTCAATAATGACGTATGTTCCCATAGTAACGCCAATAGGGACTTTCCATTGACGTCAATGGGTGGAGTATTTACGGTAAACTGCCCACTTGGCAGTACATCAAGTGTATCATATGCCAAGTACGCCCCCTATTGACGTCAATGACGGTAAATGGCCCGCCTGGCATTATGCCCAGTACATGACCTTATGGGACTTTCCTACTTGGCAGTACATCTACGTATTAGTCATCGCTATTACCATG,380,1,380,11904,100.0,enhancer,100.0,100.0,380.0,False,CMV enhancer (2),38,2546,2849,False
376,705,SV40_promoter_(2),1,100.0,330,GTGTGTCAGTTAGGGTGTGGAAAGTCCCCAGGCTCCCCAGCAGGCAGAAGTATGCAAAGCATGCATCTCAATTAGTCAGCAACCAGGTGTGGAAAGTCCCCAGGCTCCCCAGCAGGCAGAAGTATGCAAAGCATGCATCTCAATTAGTCAGCAACCATAGTCCCGCCCCTAACTCCGCCCATCCCGCCCCTAACTCCGCCCAGTTCCGCCCATTCTCCGCCCCATGGCTGACTAATTTTTTTTATTTATGCAGAGGCCGAGGCCGCCTCGGCCTCTGAGCTATTCCAGAAGTAGTGAGGAGGCTTTTTTGGAGGCCTAGGCTTTTGCAAA,330,1,330,11904,100.0,promoter,100.0,100.0,330.0,False,SV40 promoter (2),33,409,672,False
8109,8342,RRE,1,100.0,234,AGGAGCTTTGTTCCTTGGGTTCTTGGGAGCAGCAGGAAGCACTATGGGCGCAGCGTCAATGACGCTGACGGTACAGGCCAGACAATTATTGTCTGGTATAGTGCAGCAGCAGAACAATTTGCTGAGGGCTATTGAGGCGCAACAGCATCTGTTGCAACTCACAGTCTGGGGCATCAAGCAGCTCCAGGCAAGAATCCTGGCTGTGGAAAGATACCTAAAGGATCAACAGCTCCT,234,1,234,11904,100.0,misc_feature,100.0,100.0,234.0,False,RRE,23,8132,8319,False
8719,8993,Rev,1,99.273,351,ACCCACCTCCCAATCCCGAGGGGACCCGACAGGCCCGAAGGAATAGAAGAAGAAGGTGGAGAGAGAGACAGAGACAGATCCATTCGATTAGTGAACGGATCCTTAGCACTTATCTGGGACGATCTGCGGAGCCTGTGCCTCTTCAGCTACCACCGCTTGAGAGACTTACTCTTGATTGTAACGAGGATTGTGGAACTTCTGGGACGCAGGGGGTGGGAAGCCCTCAAATATTGGTGGAATCTCCTACAATATTGGAGTCAGGAGCTAAAGAATAG,275,77,351,11904,78.34757834757835,CDS,78.34757834757835,77.77799145299146,213.8894764957265,True,Rev,27,8746,8966,False
2888,3091,CMV_promoter_(2),1,100.0,204,GTGATGCGGTTTTGGCAGTACATCAATGGGCGTGGATAGCGGTTTGACTCACGGGGATTTCCAAGTCTCCACCCCATTGACGTCAATGGGAGTTTGTTTTGGCACCAAAATCAACGGGACTTTCCAAAATGTCGTAACAACTCCGCCCCATTGACGCAAATGGGCGGTAGGCGTGTACGGTGGGAGGTCTATATAAGCAGAGCT,204,1,204,11904,100.0,promoter,100.0,100.0,204.0,False,CMV promoter (2),20,2908,3071,False
1763,2376,large_T_antigen_(2),1,100.0,2473,GATCTTTGTGAAGGAACCTTACTTCTGTGGTGTGACATAATTGGACAAACTACCTACAGAGATTTAAAGCTCTAAGGTAAATATAAAATTTTTAAGTGTATAATGTGTTAAACTACTGATTCTAATTGTTTGTGTATTTTAGATTCCAACCTATGGAACTGATGAATGGGAGCAGTGGTGGAATGCCTTTAATGAGGAAAACCTGTTTTGCTCAGAAGAAATGCCATCTAGTGATGATGAGGCTACTGCTGACTCTCAACATTCTACTCCTCCAAAAAAGAAGAGAAAGGTAGAAGACCCCAAGGACTTTCCTTCAGAATTGCTAAGTTTTTTGAGTCATGCTGTGTTTAGTAATAGAACTCTTGCTTGCTTTGCTATTTACACCACAAAGGAAAAAGCTGCACTGCTATACAAGAAAATTATGGAAAAATATTCTGTAACCTTTATAAGTAGGCATAACAGTTATAATCATAACATACTGTTTTTTCTTACTCCACACAGGCATAGAGTGTCTGCTATTAATAACTATGCTCAAAAATTGTGTACCTTTAGCTTTTTAATTTGTAAAGGGGTTAATAAGGAATATTTGATGTATAGTGCCTTGACTAGAGATC,614,451,1064,11904,24.828143954710878,CDS,24.82814395471088,24.82814395471088,152.44480388192483,True,large T antigen (2),61,1824,2315,False
10310,10414,AmpR_promoter_(2),1,100.0,105,CGCGGAACCCCTATTTGTTTATTTTTCTAAATACATTCAAATATGTATCCGCTCATGAGACAATAACCCTGATAAATGCTTCAATAATATTGAAAAAGGAAGAGT,105,1,105,11904,100.0,promoter,100.0,100.0,105.0,False,AmpR promoter (2),10,10320,10404,False
9750,10029,TcR_(4),1,100.0,1191,GATCCTCTACGCCGGACGCATCGTGGCCGGCATCACCGGCGCCACAGGTGCGGTTGCTGGCGCCTATATCGCCGACATCACCGATGGGGAAGATCGGGCTCGCCACTTCGGGCTCATGAGCGCTTGTTTCGGCGTGGGTATGGTGGCAGGCCCCGTGGCCGGGGGACTGTTGGGCGCCATCTCCTTGCATGCACCATTCCTTGCGGCGGCGGTGCTCAACGGCCTCAACCTACTACTGGGCTGCTTCCTAATGCAGGAGTCGCATAAGGGAGAGCGTCGA,280,291,570,11904,23.509655751469353,CDS,23.509655751469353,23.509655751469353,65.82703610411419,True,TcR (4),28,9778,10001,False
10030,10078,bom,-1,100.0,141,ATGGTGCACTCTCAGTACAATCTGCTCTGATGCCGCATAGTTAAGCCAG,49,90,42,11904,34.751773049645394,misc_feature,34.751773049645394,34.751773049645394,17.028368794326244,True,bom,4,10034,10074,False
3190,3226,HIV-1_Psi,1,100.0,126,CGCGCACGGCAAGAGGCGAGGGGCGGCGACTGGTGAG,37,32,68,11904,29.365079365079367,misc_feature,29.365079365079367,29.365079365079367,10.865079365079366,True,HIV-1 Psi,3,3193,3223,False
10180,10215,rop,-1,100.0,192,TCAGAGGTTTTCACCGTCATCACCGAAACGCGCGAG,36,192,157,11904,18.75,CDS,18.75,18.75,6.75,True,rop,3,10183,10212,False
3224,3245,HIV-1_Psi,1,100.0,126,GAGAGATGGGTGCGAGAGCGTC,22,105,126,11904,17.46031746031746,misc_feature,17.460317460317455,17.460317460317455,3.84126984126984,True,HIV-1 Psi,2,3226,3243,False
2373,2456,large_T_antigen,1,100.0,2127,GATCATAATCAGCCATACCACATTTGTAGAGGTTTTACTTGCTTTAAAAAACCTCCCACACCTCCCCCTGAACCTGAAACATAA,84,2044,2127,11904,3.9492242595204514,CDS,3.9492242595204488,3.9492242595204488,3.317348377997177,True,large T antigen,8,2381,2448,False
313,369,lacI,1,100.0,1083,GCGCCCAATACGCAAACCGCCTCTCCCCGCGCGTTGGCCGATTCATTAATGCAGCTG,57,991,1047,11904,5.263157894736842,CDS,5.263157894736835,5.2631578947368345,2.9999999999999956,True,lacI,5,318,364,False
